<elemento type="Noticia" zone="" id="16.0.1114652556" template="/SysConfig/Plantillas/articulo-general-2014.xml" item-template="">
    <info>
        <sys>
            <dbid>52</dbid>
            <loid>16.0.1114652556</loid>
            <uuid>c14acf06-f9f8-11e3-9384-fd6261e236f5</uuid>
            <path>/sociedad/playas/playa.xml</path>
            <url>http://m.lasprovincia.es/valencia/playas</url>
            <alternate>http://m.lasprovincia.es/valencia/playas</alternate>
            <name/>
            <description/>
            <type/>
            <owner>system</owner>
            <creator>system</creator>
            <timeCreated>1437467737</timeCreated>
            <lastModifier>infomedusa</lastModifier>
            <timeModified>1437467737</timeModified>
            <fechaBuscador>1437467737</fechaBuscador>
            <locker/>
            <timeLocked>1437467737</timeLocked>
            <statusName/>
            <statusIdentifier/>
            <size>16839</size>
            <updateCounter>0</updateCounter>
            <props>
                <templateName>/SysConfig/Plantillas/articulo-general-2014.xml</templateName>
                <workFolder>/RC/Noticias/sociedad/playas</workFolder>
                <productInfo>
                <name>infomedusa</name>
                <issueDate>20150801</issueDate>
                </productInfo>
                <originalLoid>16.0.1114652556</originalLoid>
            </props>
            <tl>
                <t>
                    <id>1</id>
                    <tp>CopyToDev</tp>
                    <c>system</c>
                    <cd>20150801000000</cd>
                    <dt>
                        <rep>meth02</rep>
                        <uuid>wUrPBvn4EeOThP1iYeI29Q</uuid>
                        <first>20150801000000</first>
                        <last>20150801000000</last>
                        <count>1</count>
                    </dt>
                </t>
            </tl>
            <va>
                <corrs/>
                    <folder_size>0</folder_size>
                <corrs/>
                <vid>1</vid>
                <vt>1437467737</vt>
            </va>
        </sys>
        <Metadata>
            <General>
                <webtype>Noticia</webtype>
                <Metas>
                    <Titulo>Playa dede saladar, en Alicante/Alacant: Informaci&#243;n sobre el estado de la playa, mareas y temperatura</Titulo>
                    <Title>Playa dede saladar, en Alicante/Alacant: Informaci&#243;n sobre el estado de la playa, mareas y temperatura</Title>
                    <Description>SUBEN</Description>
                    <Cintillo/>
                    <KeyWords>medusa, playas, bandera, temperatura</KeyWords>
                    <TagsRelacionados>medusa, playas, bandera, temperatura</TagsRelacionados>
                    <Index-noindex>index-follow</Index-noindex>
                    <Canonical/>
                    <FechaPrimeraPublicacion>20150801000000</FechaPrimeraPublicacion>
                </Metas>
                <autor>infoplayas/Alicante/Alacant</autor>
                <genero>estandar</genero>
                <fecha>30/07/2015 11:04</fecha>
                <Urgente/>
                <UrgenteConEnlace/>
                <categoria>
                    <principal>sociedad/playas</principal>
                    <secundaria/>
                </categoria>
                <Origen>lasprovincias</Origen>
                <Marcador>
                    <Manual>
                        <Equipo_Local/>
                        <Marcador_Local/>
                        <Marcador_Visitante/>
                        <Equipo_Visitante/>
                        <Url/>
                    </Manual>
                    <Automatico>
                        <Deporte/>
                        <PopMarcador/>
                    </Automatico>
                </Marcador>
                <Especiales>
                    <Categoria>methode</Categoria>
                    <TipoEspecial/>
                    <Anio>2015</Anio>
                    <NoticiasActualidad/>
                    <CategoriaExtendida/>
                    <CategoriaExtendida2/>
                    <SeccionOAS/>
                    <Iluminacion>Noticias</Iluminacion>
                    <CanonicalPPLL/>
                </Especiales>
                <EspecialesV2>
                    <TipoEspecialV2/>
                    <SeccionEspecialV2/>
                </EspecialesV2>
                <AnadirEnlaces>No</AnadirEnlaces>
                <SinApoyosRC/>
                <topics>
                    <topics-required>no</topics-required>
                </topics>
                <destination>lasprovincias</destination>
                <PayWall>
                    <Meter>No</Meter>
                    <Premium>No</Premium>
                </PayWall>
                <CategorizacionRC>
                    <Home-Redis/>
                    <Act-Dep-Eco-Gente-Redis/>
                    <Subportadas-Redis/>
                </CategorizacionRC>
                <Mundial>
                    <NoticiaMundial>No</NoticiaMundial>
                    <PopMarcador/>
                    <MarcadorInfo>No</MarcadorInfo>
                </Mundial>
                <Marcador>
                    <Equipo_Local/>
                    <Marcador_Local/>
                    <Marcador_Visitante/>
                    <Equipo_Visitante/>
                    <Url/>
                </Marcador>
                <VideoCapaModal>
                    <TituloCapaModal/>
                </VideoCapaModal>
                <TagsRelacionados>medusa, playas, bandera, temperatura</TagsRelacionados>
            </General>
            <Publicacion/>
        </Metadata>
        <comscore>
            <voc_se>sociedad</voc_se>
            <voc_s1>playas</voc_s1>
            <voc_s2/>
            <voc_s3/>
            <voc_s4/>
            <voc_site>lasprovincias</voc_site>
            <voc_ho/>
            <voc_ed/>
            <voc_pr>1</voc_pr>
            <voc_pl/>
            <voc_pu/>
            <voc_usrid/>
            <voc_tusr/>
            <voc_ate>ocio</voc_ate>
            <voc_tn/>
            <voc_tc>noticia</voc_tc>
            <voc_au>infomedusa</voc_au>
            <voc_fep>20150801000000</voc_fep>
            <voc_fem>20150801000000</voc_fem>
            <voc_or>VocentoMediaLab</voc_or>
            <voc_idi>es</voc_idi>
            <oas_sitepage/>
        </comscore>
        <canonical>http://desn.lasprovincias.es/sociedad/playas/playa.html</canonical>
        <alternate>http://m.lasprovincia.es/valencia/playas</alternate>
        <edicion/>
        <medio>infomedusa</medio>
    </info>
    <doc>
        <lead class="r2014" id="U3082764670942zGG">
            <overhead/>
            <headline>Playa dede saladar, en Alicante/Alacant: Informaci&#243;n sobre el estado de la playa, mareas y temperatura</headline>
            <byline>
                <locator></locator>
                <author>
                <name>infoplayas/Alicante/Alacant</name>
                <location>Valencia</location>
                </author>
            </byline>
            <subhead-group>
                <subhead>Datos sobre la previsi&#243;n meteorol&#243;gica y estado del mar para que decidas donde ir</subhead>
            </subhead-group>
            <link-container/>
            <subarticles/>
        </lead>
        <story>
            <grouphead>
                <overhead/>
                <subhead-group>
                <heading/>
                <subhead>Datos sobre la previsi&#243;n meteorol&#243;gica y estado del mar para que decidas donde ir</subhead>
                </subhead-group>
                <byline>
                    <locator></locator>
                    <author>
                    <column/>
                    <name>infoplayas/Alicante/Alacant</name>
                    <location>Valencia</location>
                    <description/>
                    <twiter/>
                    </author>
                </byline>
            </grouphead>
            <text>&lt;![CDATA[
&lt;p&gt;La previsi&#243;n meteorol&#243;gica para la playa de saladar, situada en el municipio de Alicante/Alacant hoy jueves 30 de julio es de chubascos por la ma&#241;ana y chubascos por la tarde, seg&#250;n las previsiones de la Agencia Estatal de Meteorolog&#237;a (AEMET) (http://www.aemet.es/es/eltiempo/prediccion/playas/saladar-0301410). Se espera un viento flojo por la ma&#241;ana y flojo por la tarde, y un oleaje moderado por la ma&#241;ana y moderado por la tarde. &lt;/p&gt;

&lt;p&gt;Se prev&#233; una temperatura m&#225;xima de 31 grados. El &#237;ndice de radiaci&#243;n ultravioleta (&#237;ndice UV) m&#225;ximo ser&#225; de 9, lo que implica un nivel de exposici&#243;n a la radiaci&#243;n ultravioleta del sol muy alta, seg&#250;n las categor&#237;as definidas por la AEMET (http://www.aemet.es/es/eltiempo/prediccion/radiacionuv/ayuda).
La temperatura del agua prevista es de 27 grados. . 

&lt;/p&gt;

&lt;p&gt;Para ma&#241;ana, viernes 31 de julio, se espera chubascos por la ma&#241;ana y chubascos por la tarde, y una temperatura m&#225;xima de 29 grados.&lt;/p&gt;


&lt;p&gt;&lt;h1&gt;Recomendaciones de salud&lt;/h1&gt;
Para disfrutar de forma saludable de la playa es importante seguir ciertos consejos y buenas pr&#225;cticas de seguridad, hidrataci&#243;n y protecci&#243;n frente al sol, entre otras cosas. En caso de que te quemes con el sol, puedes encontrar todos los detalles que debes tener en cuenta &lt;a href="http:\cosaspracticas.lasprovincias.es\salud\noticias\201507\02\quemado-piel-puedo-hacer-20150702165309.html" target="new"&gt;aqu&#237;&lt;/a&gt;. Si te pica una medusa, ten cuidado con las curas caseras que circulan (como verter vinagre, amon&#237;aco u orina sobre la picadura). &lt;a href="http://cosaspracticas.lasprovincias.es/salud/noticias/201507/02/hacer-pica-medusa-este-20150702114555.html" target="new"&gt;Aqu&#237;&lt;/a&gt; hemos recopilado varios consejos de especialistas sobre qu&#233; hacer si te pica una medusa este verano. Si se disparan las temperaturas, es recomendable seguir algunas pr&#225;cticas b&#225;sicas, sobre todo para el caso de ni&#241;os y personas mayores, como te explicamos en &lt;a href="http:\cosaspracticas.lasprovincias.es\salud\noticias\201505\13\recomendaciones-frente-calor-20150513161710.html" target="new"&gt;este art&#237;culo&lt;/a&gt;.
&lt;/br&gt;
En este especial puedes encontrar informaci&#243;n actualizada sobre casi todas las playas de la regi&#243;n. [+ enlace a la subportada de playas].&lt;/p&gt;

&lt;p&gt;
&lt;h2&gt;Nota metodol&#243;gica: &lt;/h2&gt;
 Esta ficha-noticia ha sido elaborada de forma autom&#225;tica por un algoritmo que hemos bautizado como &#8220;infoplayas&#8221;, a partir de la informaci&#243;n que publican peri&#243;dicamente la Agencia Estatal de Meteorolog&#237;a y la Cruz Roja. Si has notado que faltan playas, se debe a que estas dos fuentes oficiales no publican informaci&#243;n sobre ellas. En algunos casos, ver&#225;s que una misma playa aparece numerada con distintos nombres: la raz&#243;n es que la Cruz Roja recoge informaci&#243;n por cada uno de los puestos de socorro que tenga la playa. En cualquier caso, os pedimos disculpas por adelantado por cualquier error que pueda generar nuestro &#8220;robot&#8221; de playas. Este desarrollo es un proyecto experimental de LAS PROVINCIAS y los equipos de innovaci&#243;n y tecnolog&#237;a del Vocento Media Lab.
 &lt;/p&gt;


]]&gt;</text>
            <multimedia/>
        </story>
    </doc>
</elemento>
